Meditation Type,Playlist Link
focused,https://www.youtube.com/playlist?list=PLW8o3_GFoCBOS01jwlYLZh0aA616mcFSP,a full day of focus
focused,https://www.youtube.com/playlist?list=PLQiGxGHwiuD1kdxsWKFuhE0rITIXe-7yC,meditation
focused,https://www.youtube.com/playlist?list=PLcTZ8xyOL50GwTl706mXK3xjaINd7saAP,mindvalley meditations
focused,https://www.youtube.com/playlist?list=PLi5N9xDLnuuzGMVitcdgcCuuWCKbH936q,the gateway tapes (c.i.a declassified)
focused,https://www.youtube.com/playlist?list=PLb09q0R7gAwQ3ou1lUWZcJZEtgNeoJNJf,guided meditations
focused,https://www.youtube.com/playlist?list=PLYxtGyYUCbEFLejo3Hv1LLL1GX0fNpmcM,meditation | healthy gamer
focused,https://www.youtube.com/playlist?list=PL37ErCJmMWd1YhEkajroa00eTuuMYnmdy,guided meditations üßòüèª‚Äç‚ôÄÔ∏è
focused,https://www.youtube.com/playlist?list=PLnCcAeVPhFIuwdXfIhyYhkstkY5ltGkv3,spiral focus meditation
focused,https://www.youtube.com/playlist?list=PLui6Eyny-UzzG5qB0LNxyVh3Mu6GjYJC_,guided meditations
focused,https://www.youtube.com/playlist?list=PLJ5BFaD5xJGLGy9cBfU8MAuRPYp8sPQ93,synctuition meditation
focused,https://www.youtube.com/playlist?list=PLaeZNCn-A_-ZqZDhlWH6IXupHY1TJ4Ayb,beginner meditation course
focused,https://www.youtube.com/playlist?list=PLb09q0R7gAwS5dzSXP5sryVkKMuySB7LM,the 14 day meditation journey-- impact your life with a beautiful new habit !
focused,https://www.youtube.com/playlist?list=PLcOSpHSSrHb0FZb9xp7MofGWUv4OWU3AW,guided meditations
focused,https://www.youtube.com/playlist?list=PLFbvUMF40UMyYZ3wVrc3Q_HqZYdMosh8Z,meditations for aphantasia | meditating with a blind mind
focused,https://www.youtube.com/playlist?list=PLwRp13WDIrMPzLqtyvvPrs7sMR_lvZ8Bf,guided sleep meditation
focused,https://www.youtube.com/playlist?list=PLYzUD5yJQ02kL4cb9LP2BuHjBaNKeJemz,meditation
focused,https://www.youtube.com/playlist?list=PLCQACBUblTbXAgZG7cxMYUddUlvTDO6v1,mindfulness meditations
focused,https://www.youtube.com/playlist?list=PLYzUD5yJQ02nsRuH1yr23cpcvcgQBizEQ,guided meditation sessions by mind fit | curefit
focused,https://www.youtube.com/playlist?list=PLb0C_I-k2Ph9bsj_cGBGmidR8749g4XKU,20 days of meditation
focused,https://www.youtube.com/playlist?list=PL7by6RYPG3HCXn2l5Bhi0qoxgF3BzDHSt,guided meditations - male voice
focused,https://www.youtube.com/playlist?list=PLpc58AKEjtyuyzJ9FCr6v5aTfGSWLd_is,meditations - hemi sync guided meditation
focused,https://www.youtube.com/playlist?list=PLdPKKvWESFxarClEEMtTKRqNBxcXHH6ui,meditation playlist
focused,https://www.youtube.com/playlist?list=PLBfRLLhSBb-BkbhVRMEbmnxOYOJkU6LOC,meditation classes
focused,https://www.youtube.com/playlist?list=PLCQACBUblTbUpv9jyOOJ6T93XEjZKScfO,morning meditations
focused,https://www.youtube.com/playlist?list=PLwQRYK-rqYoQFX97G8LUSziNvnUVttRrh,kelly howell - guided healing meditation
focused,https://www.youtube.com/playlist?list=PLUMGj5aa3O5ugLPk_eFfbiUIu0SNCWyOE,diana winston's (ucla ‚Äì marc) mindfulness meditations playlist
focused,https://www.youtube.com/playlist?list=PLH-0HZ0SQ_PF8YaQAGLhXN1KE-9Wg3i1M,21 day meditation challenge with gurudev
focused,https://www.youtube.com/playlist?list=PLoOnTQErX5P4czyurJq1Jkph0EoKR_T1X,sounds of isha for work
focused,https://www.youtube.com/playlist?list=PLH-0HZ0SQ_PEGUGvc5gz0wlPDXo2tXXlE,live guided meditations with gurudev
focused,https://www.youtube.com/playlist?list=PLCQACBUblTbUE9a7PK97HWoDt01B1edd9,chakra balancing series
focused,https://www.youtube.com/playlist?list=PLeUHY03fRhaO16otsmBTSnsePGfxEqQj5,monday meditations
focused,https://www.youtube.com/playlist?list=PLE_vQWWxgaiEexZLED3Q-3GJ8wqEmp5Ki,meditation 101
focused,https://www.youtube.com/playlist?list=PLXEg1KA5o1XlTxYy2_rX72MiQcsJzqdHi,best movie soundtracks for studying
focused,https://www.youtube.com/playlist?list=PLZEq8pTZedymKEkMCa49HVJaJ4RpM6tR_,7 days of calm - 10mins daily
focused,https://www.youtube.com/playlist?list=PLwRp13WDIrMPjRsRKvtk8olUe934DIT63,guided sleep meditations (spoken meditations prior to sleeping)
focused,https://www.youtube.com/playlist?list=RDCLAK5uy_kjbesFvpAjQl3z_xUxMArIfRpubFn791o,tranquil spa day
focused,https://www.youtube.com/playlist?list=PLoEqnejtAjkzaVrCffjgVz-h5yAeRKR4f,meditation playlist
focused,https://www.youtube.com/playlist?list=PL8TioFHubWFuQ84KAuK0AblTXsZtbMJF0,sesame street monster meditations with headspace!
focused,https://www.youtube.com/playlist?list=PLW0v0k7UCVrmfhZKZGg4XC3r-NhN0wKze,meditation
focused,https://www.youtube.com/playlist?list=PLwQRYK-rqYoQ6__JfaoVp_YJs8hyBPdI-,kelly howell - guided healing meditation
focused,https://www.youtube.com/playlist?list=PLcfWqGbTrBFqC54EpS5zn_IVQX6oCFRlj,guided meditations | sikh meditation | mantra
focused,https://www.youtube.com/playlist?list=PLui6Eyny-Uzzxnt1jXd_4IRKWL9LU5Nuz,meditate - ywa november 2022
focused,https://www.youtube.com/playlist?list=PLnw6AeJEp1PbDQNXOig1wClkai9nUa-7V,meditation videos by swami mukundananda
focused,https://www.youtube.com/playlist?list=PL80YBoU3X0_hDDDTf0KbzwDZRuxD7gUpM,the gateway experience cia tapes -- in proper order
focused,https://www.youtube.com/playlist?list=PL8BCGs3ul_7TxfqKEAx0Ge4FB8t4N_TJs,guided meditations (hindi & english): bk shivani
focused,https://www.youtube.com/playlist?list=PLW8o3_GFoCBOexWd8WK-hAjReSYifh1nx,mini meditations
body-scan,https://www.youtube.com/playlist?list=PLY7K9GAzFiwktdHs775aa5y0d4y9t1sIv,body scan guided meditations
body-scan,https://www.youtube.com/playlist?list=PLvSymqspDO1xWt9UycreJ7x7o3wE19uW8,body scan meditation
body-scan,https://www.youtube.com/playlist?list=PLbTuZkZyHw9I7-YcOp27YgOVuo1tCJUFE,mark williams mindfulness meditations
body-scan,https://www.youtube.com/playlist?list=PLcTZ8xyOL50GwTl706mXK3xjaINd7saAP,mindvalley meditations
body-scan,https://www.youtube.com/playlist?list=PLYxtGyYUCbEFLejo3Hv1LLL1GX0fNpmcM,meditation | healthy gamer
body-scan,https://www.youtube.com/playlist?list=PLWcHna_Pla5dOGjP1KUmoxohjvb8ZGViB,meditate with marisa peer
body-scan,https://www.youtube.com/playlist?list=PLLTMF-GLL1O_EKc1zIxzAZA1m-V1RR5-Z,body scan meditations
body-scan,https://www.youtube.com/playlist?list=PLi28W91wbDC_H4r9sxrZfnB-My3s8y7HF,mindfulness body scans meditations
body-scan,https://www.youtube.com/playlist?list=PLvIUA_0no8wkbdXo0BATJZmhDbvevYxjF,body scan meditations
body-scan,https://www.youtube.com/playlist?list=PLUgKek3fPmMyOkKGuh4Wgorj4BapfUQ8S,mindfulness / body scans
body-scan,https://www.youtube.com/playlist?list=PLvYC41Jk62_fbLifhGKbXVvg9bOaSFdbk,body scan meditations
body-scan,https://www.youtube.com/playlist?list=PLSrZcEMoNWFtEM2Zh2W2-KMWNwdn_2EjS,body scan meditations
body-scan,https://www.youtube.com/playlist?list=PLUMGj5aa3O5s4CRIWTZ_5T0PItou4Yj0S,"""mindfulness meditation"" mbct guided meditations cd by dr. mark williams"
body-scan,https://www.youtube.com/playlist?list=PLKw_ofsu2KyxfCjxfVNTqQcJS_XLeezSj,peace in a frantic world meditations
body-scan,https://www.youtube.com/playlist?list=PLUMGj5aa3O5ugLPk_eFfbiUIu0SNCWyOE,diana winston's (ucla ‚Äì marc) mindfulness meditations playlist
body-scan,https://www.youtube.com/playlist?list=PLGcQsZAMGX7UbxEIpeqEIM0_YjenMwoKi,body scan meditations
body-scan,https://www.youtube.com/playlist?list=PLb09q0R7gAwQ3ou1lUWZcJZEtgNeoJNJf,guided meditations
body-scan,https://www.youtube.com/playlist?list=PLD3JlbEAyeAqjOeTTFtu0lC--PIMhhXB4,body scan meditation
body-scan,https://www.youtube.com/playlist?list=PLbyjqvcs0WkJ4dzdCPTABn97qbkzYzDbu,body scan meditations
body-scan,https://www.youtube.com/playlist?list=PLsLhq0Vgq0pvYWXk0VDw8jmNdx_5jyFio,body scan meditations
body-scan,https://www.youtube.com/playlist?list=PL9mEFVbLceGwDRGvtlHOOuThNlKJ138A2,body scan meditations
body-scan,https://www.youtube.com/playlist?list=PLJGDZJddjh8cfMZbl8mzTibBTScZJlbDw,body scan meditation
body-scan,https://www.youtube.com/playlist?list=PL-aK70oakF7RDU_lPxCKoBD1aGHAYOqnN,body scan/meditation
body-scan,https://www.youtube.com/playlist?list=PL7CjuKU55IlM5LReGTJJEQQq4tr2TC9tj,body scan meditation
body-scan,https://www.youtube.com/playlist?list=PLMgFwTN1rDtTOzq2SAzvHnpHBIgv9xg5C,body scan/meditation
body-scan,https://www.youtube.com/playlist?list=PLpoCuALAREOLPIOmRC2jt48FHiNbMMPny,body scan meditations 2020
body-scan,https://www.youtube.com/playlist?list=PLGxtKNC-uoVeE3wOSDwLDSV1ubJkJXzuh,body scan meditation
body-scan,https://www.youtube.com/playlist?list=PLiIe2QbkiaLFsIfCRGbFAgbOtooTsKSwL,healing the body after surgery
body-scan,https://www.youtube.com/playlist?list=PLSnivyOaFCX7Y31jFLNrbLg3hQTQwgkJV,body scan meditation
body-scan,https://www.youtube.com/playlist?list=PLjB9qN-9rOoFiwrvqGTk0DiQa5EDRJQbu,body scan meditation
body-scan,https://www.youtube.com/playlist?list=PLYUvGxOwDRv9lzVR3n06vV5LnDAfpFNoK,meditation bodyscan
body-scan,https://www.youtube.com/playlist?list=PLk130VgEu5Qx0UE-W9bKLS0ozvVr7ImhO,meditation body scan
body-scan,https://www.youtube.com/playlist?list=PLbKEooerDHq9Vy-xLNA3DtSLRhGR0Ov1d,body scan meditations (mbsr)
body-scan,https://www.youtube.com/playlist?list=PLzgHEiypdgHwkSKNZUyHTYsYtGLMvr4ze,mind body scan meditation
body-scan,https://www.youtube.com/playlist?list=PLXYIu_7e92khSBEOvw8DzvW5YgbBplayE,üíÜmeditation (body scan / somatic)
body-scan,https://www.youtube.com/playlist?list=PLwSa6ZWK4td6LpGZm526fY21WuMlv_Iwi,body scan meditation
body-scan,https://www.youtube.com/playlist?list=PL9xr7m5YSgGNRu-JdHTBxzhCOvQPYsQfB,body scan meditation
body-scan,https://www.youtube.com/playlist?list=PLBCxhRAIgwOPPhgF1euMnWGNyjy257qdR,meditation
body-scan,https://www.youtube.com/playlist?list=PLSGCbLKMPkC1I1jnlSKIqCllxhRu2fNTN,noom
body-scan,https://www.youtube.com/playlist?list=PLjZ3zzaH3y00bg00gM8uzIAGfywe2kv1S,body scan meditation
body-scan,https://www.youtube.com/playlist?list=PLbk7WqQ1maQt1q1_NloF74RtIy6lB5Gml,mindfulness: body scan
body-scan,https://www.youtube.com/playlist?list=PLNYhkh1qiiooNUfmvTtl9lbkGXeG5yJTy,body scan meditation
body-scan,https://www.youtube.com/playlist?list=PLnj7I4iqMXs2pw0IC2H5nl-6IS0DKWqWV,meditation & body scan
body-scan,https://www.youtube.com/playlist?list=PLY7K9GAzFiwk1W9nScaJeT8qUnYPfKMFc,lucid dreaming guided meditations
body-scan,https://www.youtube.com/playlist?list=PLb0C_I-k2Ph9bsj_cGBGmidR8749g4XKU,20 days of meditation
body-scan,https://www.youtube.com/playlist?list=PLq8LlLBxHNkNExSW52UDrLeDj8zZMf8c_,5minute kids body scan meditation w cory muscara
body-scan,https://www.youtube.com/playlist?list=PLvDqkGqwsRve9avp4-PkNFqao0SxBGSaJ,middle/high school guided mindfulness exercises
body-scan,https://www.youtube.com/playlist?list=PLhEM1TB7WaKsjLOEwZbRe8jND1yrREnrZ,5 minute body scan meditation
body-scan,https://www.youtube.com/playlist?list=PLHCLDg8jKxFZQfSE4DSenJgArrcd5H0Di,meditation -body scan
body-scan,https://www.youtube.com/playlist?list=PLMnbtBWkiuUkNCgXwRWQmvKtNDYYTvFnl,audio meditation - body scan
body-scan,https://www.youtube.com/playlist?list=PLu43tSBe_EHcx0tCfuXwQtEZa9SHg4DaJ,guide body scan mindfulness meditation
body-scan,https://www.youtube.com/playlist?list=PL8snGkhBF7njO0QvtE97AJFL3xZYQSGh5,peace out | guided relaxation for kids üí´
body-scan,https://www.youtube.com/playlist?list=PLh0gN6mfFtP8VHhzQIjbwAHWvHnKHOcXJ,meditation playlist
body-scan,https://www.youtube.com/playlist?list=PLbiVpU59JkVaFMGi0A8Im_hfSh-SWsFwg,guided meditations
body-scan,https://www.youtube.com/playlist?list=PLBfRLLhSBb-BkbhVRMEbmnxOYOJkU6LOC,meditation classes
body-scan,https://www.youtube.com/playlist?list=PLzKlvmqcfWdw4nQnP34n5VTNw3hHCZFBn,mark williams meditations
body-scan,https://www.youtube.com/playlist?list=PLl2PR65hiLMXoPRhmW3Hl_pNwqPU4kSXf,"staying balanced - meditations, body scans and visualizations"
body-scan,https://www.youtube.com/playlist?list=PL36CK16VzAyNH36PGFnYj1BbZTPMOHFg0,7 min body scan meditation
body-scan,https://www.youtube.com/playlist?list=PLND1JCRq8VujAHvDA482SXF1cJTQrwlx3,meditating with john vervaeke
body-scan,https://www.youtube.com/playlist?list=PL78wjBgu0UpntUN1CgS7-UMsL5PHqWZXa,21 days of meditation: cory muscara
body-scan,https://www.youtube.com/playlist?list=PLp7me_juggN76ALWqBW596kdR6mjNk60Q,headspace sleep playlist
body-scan,https://www.youtube.com/playlist?list=PL1OpyHzstA2sNoM2qrg7xjcp1eyDg3CmN,meditation + sound healing
body-scan,https://www.youtube.com/playlist?list=PLSjZTc6u8Zw1gBM9yiXBnIA76GE-f9ThI,mpeak meditations (mindful performance enhancement awareness & knowledge)
body-scan,https://www.youtube.com/playlist?list=PLnwEv3dxNdT-9DHO0LE6rYRmBw8sfr0Ct,mindfulness body scan
body-scan,https://www.youtube.com/playlist?list=PL5FGB0jnDRBOQq8iifcy51NOcjBhs9NjB,body scan meditation
body-scan,https://www.youtube.com/playlist?list=PL0pOMVsScqYTj_lRAOxDDJPDTVByvYemM,"meditations for performance, calm and sleep"
body-scan,https://www.youtube.com/playlist?list=PLZlhVy_Feh4YZdJG7YPXZGOIDn-N9sQD_,meditation/grounding/body scans
body-scan,https://www.youtube.com/playlist?list=PLQZQj3jXVKSY9cVbfwnXDpuVzTAR12EUA,body scan
body-scan,https://www.youtube.com/playlist?list=PLUMGj5aa3O5sCP3JwbED7U85c9CWIzNY5,"""mindfulness: a practical guide to finding peace in a frantic world"" cd by dr. mark williams, oxford mindfulness centre"
body-scan,https://www.youtube.com/playlist?list=PLM5Yl7YoZE6NWN6nQiYnAghRVopaD2sJS,body scan meditation
body-scan,https://www.youtube.com/playlist?list=PL5aSk7WSdoToNWcMY7Y-wOyAr0nvE_yei,guided meditation
body-scan,https://www.youtube.com/playlist?list=PLNFs8lx9wEE_lmpvDcdHyXo4ARQEe_64B,body scan meditation
body-scan,https://www.youtube.com/playlist?list=PLJImcwopA3KhFbRgPZLtct8VWpZx54RnF,one minute meditations
body-scan,https://www.youtube.com/playlist?list=PLUMGj5aa3O5v2j0GxVaUSYxHxSpcGD7eb,"diana winston's (ucla ‚Äì marc) ""mindful meditations"" cd"
body-scan,https://www.youtube.com/playlist?list=PLN3TgnCueaEc8XnsYfne0N_DJPRDv582l,* meditation playlist
body-scan,https://www.youtube.com/playlist?list=PLu2mdXNsOw5JpJIKkePrbLpNoENc6JzFu,mindfulness body scan
body-scan,https://www.youtube.com/playlist?list=PLhInju1muJC4kI2alG13Rht-9RoRpP2J3,guided meditation playlist
body-scan,https://www.youtube.com/playlist?list=PLUMGj5aa3O5tJxy8QYVmbKDDqg-Va9jHQ,diana winston and sue smalley's (ucla ‚Äì marc) mindfulness talks and meditations
body-scan,https://www.youtube.com/playlist?list=PLZ3E_CuoicyxktIsbB0Oy6c9QL81JD4vC,mindfulness therapy to reduce hypervigilance
visualization,https://www.youtube.com/playlist?list=PLFkycuB_GvyIpkqScFgA9bCn0sV1q-mH4,belleruth naprastek meditations
visualization,https://www.youtube.com/playlist?list=PLFuZljXGVZBv_3u5pmAJpXon20I96n1Xv,dr. jen's guided imagery meditation series
visualization,https://www.youtube.com/playlist?list=PLCQACBUblTbX2e8Rz4GMlfPXvFbOY_Wrp,meditations for sleep
visualization,https://www.youtube.com/playlist?list=PLKv1KCSKwOo_BfNnb5vLcwouInskcEhqL,guided meditations
visualization,https://www.youtube.com/playlist?list=PLuaZRqnBYUg4lmVBQHdGDkJL4-SGMEsN9,fantasy meditations
visualization,https://www.youtube.com/playlist?list=PLwRp13WDIrMNywoE9Nd6BIJqDT_dPJrJq,guided meditation
visualization,https://www.youtube.com/playlist?list=PL9A333FE227FF8599,guided meditations
visualization,https://www.youtube.com/playlist?list=PLWcHna_Pla5dOGjP1KUmoxohjvb8ZGViB,meditate with marisa peer
visualization,https://www.youtube.com/playlist?list=PLb09q0R7gAwQ3ou1lUWZcJZEtgNeoJNJf,guided meditations
visualization,https://www.youtube.com/playlist?list=PLmD49HKQ8KUEVa3h2zUmlLiV58Uo_wOPk,guided meditations by aaron doughty
visualization,https://www.youtube.com/playlist?list=PLb0C_I-k2Ph9bsj_cGBGmidR8749g4XKU,20 days of meditation
visualization,https://www.youtube.com/playlist?list=PLYxtGyYUCbEFLejo3Hv1LLL1GX0fNpmcM,meditation | healthy gamer
visualization,https://www.youtube.com/playlist?list=PLcK63CNsBaOw96kjnfkomAhfGSII0C4PQ,fertility meditations incorporating guided imagery and hypnosis
visualization,https://www.youtube.com/playlist?list=PL37v2p3883KtZtZkqmw31wUg1OAKchdON,dr. z york meditation
visualization,https://www.youtube.com/playlist?list=PLEwHQjKTj0pNT8PUkJLZN8hCA1KXpuODI,10 minute visualization meditation
visualization,https://www.youtube.com/playlist?list=PLwRp13WDIrMPzLqtyvvPrs7sMR_lvZ8Bf,guided sleep meditation
visualization,https://www.youtube.com/playlist?list=PLRyuGKF-O_TGWQkVGBYcUmI0KIh2_jksp,visualisation meditations
visualization,https://www.youtube.com/playlist?list=PLHzNJhgA6A38HOFtsh-tq08QtMU4Ro4cd,glenn harrold hypnotherapy recordings
visualization,https://www.youtube.com/playlist?list=PLPMa6gSXa8x30Rizz_I28itLbdeDAslyy,21-day meditation getting unstuck - deepak chopra
visualization,https://www.youtube.com/playlist?list=PLqktjn8c06SyK7rWnyWQ_i5SNp91MWyHr,"third eye hypnosis and guided meditation levels 1, 2 and 3"
visualization,https://www.youtube.com/playlist?list=PLrX31iIisbAiDT9y_0IPINcnOKDdWezK2,dr. malachi z york meditation
visualization,https://www.youtube.com/playlist?list=PLoShIQbx-hCFVU1_vr_O4pr5PdTSKeDM5,visualizations and meditations
visualization,https://www.youtube.com/playlist?list=PLDqTr678aIlf6MvOPzwhXSstwZ6BaMMCB,hypnosis & guided meditation ‚û§ playlist
visualization,https://www.youtube.com/playlist?list=PLRLlrAKKMuvyTzfolqA7iQwspCesbVbTd,visualization meditation
visualization,https://www.youtube.com/playlist?list=PLhmJFYbe5HMx-3BQjiQdXcjbEvICy4hQB,visualization meditation
visualization,https://www.youtube.com/playlist?list=PLfjN4xZihkEYIuZ8WBkU7Gfk_D9FeZw4o,guided visualization meditations for manifestation (law of attraction)
visualization,https://www.youtube.com/playlist?list=PLPgmdv1uKAS5xk2MSeMCphDLELDAsTvua,shifting guided meditations
visualization,https://www.youtube.com/playlist?list=PLY5AdnkHlSBalR5J2dusQvEilZIjCr25h,guided healing meditations by lisa a. romano
visualization,https://www.youtube.com/playlist?list=PLery4pjuup3tYDmmm-LVuMga9XGJH7n_e,"guided imagery sessions - emotional reframing, trauma, inner child healing"
visualization,https://www.youtube.com/playlist?list=PL1jr-2LmpHq5QsOhrPRt5G3fcGAfGlNwf,meditation/visualization
visualization,https://www.youtube.com/playlist?list=PLCQACBUblTbUpv9jyOOJ6T93XEjZKScfO,morning meditations
visualization,https://www.youtube.com/playlist?list=PLOU0EHO5Y3hFsZHkvpnsQ2_jCvgDoKLvs,guided meditations/visualization meditations
visualization,https://www.youtube.com/playlist?list=PLro7fCOW-S6Pl-v4xlv0GY1a9Ha0Np4G6,specific person - meditations
visualization,https://www.youtube.com/playlist?list=PL8snGkhBF7njO0QvtE97AJFL3xZYQSGh5,peace out | guided relaxation for kids üí´
visualization,https://www.youtube.com/playlist?list=PLO9OtUmChpP8PUMtzlu4P6br5Rzb2hx79,hypnosis for confidence and self belief
visualization,https://www.youtube.com/playlist?list=PLW2rU3dx4wXqNv_nTdPFyB-WqToZvmR7b,meditation & visualization
visualization,https://www.youtube.com/playlist?list=PLY7K9GAzFiwk1W9nScaJeT8qUnYPfKMFc,lucid dreaming guided meditations
visualization,https://www.youtube.com/playlist?list=PL3w_jZhDKXzvEObYMw_g_cY3lsxLSB-ri,[no ads] 21 days of abundance meditation | deepak chopra
visualization,https://www.youtube.com/playlist?list=PLmEwl7Biz5A_DlHHaJU6tSXeSSzhPv0gM,feminization hypnosis playlist
visualization,https://www.youtube.com/playlist?list=PLmrpvXUPc8npEHavVp2SqI7tm8SHswu-E,5-minute guided meditations: experience the transformative power of mindfulness meditation
visualization,https://www.youtube.com/playlist?list=PLiRGbxLS41RbrXTBCwivi41a6uLXasLyj,guided imagery
visualization,https://www.youtube.com/playlist?list=PLM_5z7EKcBv_8OlMHR-ASTkCYryT6MK0t,astral projection/oobe/obe guided meditations üí´
visualization,https://www.youtube.com/playlist?list=PLdWEc4wpvq0DmH_gfQXcf6NK6fhCIvZD_,all is one
visualization,https://www.youtube.com/playlist?list=PL6OAgOawuf2Byo4f8uw8XH2TjyAbU27cl,"visualization, mindfulness, meditation & relaxation"
visualization,https://www.youtube.com/playlist?list=PLKVr8wLpcCezOSlJzFXhZpOJSFEk5S6W9,visualizations and meditations
visualization,https://www.youtube.com/playlist?list=PL4ljeWgj0smJTMxNzgR1dSd6h1gg4W8nV,"meditation, visualization for horse riding"
visualization,https://www.youtube.com/playlist?list=PLY7K9GAzFiwle7HuaWeal-j4DtKmCe7cw,train meditations
visualization,https://www.youtube.com/playlist?list=PLF78_4TwdUj-XGrceHHlv2Rhz_aKB6wYs,the 30 day meditation challenge
visualization,https://www.youtube.com/playlist?list=PLSjZTc6u8Zw3jNHstpeKw8xc-x5oUozq6,koru mindfulness meditations
visualization,https://www.youtube.com/playlist?list=PLRPq_ZAE7xtxZNpx7mwqbP2rXfT2nN6c7,"meditation, presence, mindfulness & visualization"
visualization,https://www.youtube.com/playlist?list=PLCQACBUblTbXfTb8c_SlZ5kynRAPxwHFD,meditations for anxiety
visualization,https://www.youtube.com/playlist?list=PL76Tcrfnqwv54sTn4fbH4RiLQ--PGFiQs,guided meditations for teenagers
visualization,https://www.youtube.com/playlist?list=PLKAaaT4eFBGZQ167v4PV5Mhmcy2fZRNCe,visualization/meditation
visualization,https://www.youtube.com/playlist?list=PLL4yD9s_orP9cTPnRyTIZf0nZDvQr_sMd,"guided meditations, visualizations and eft sessions"
visualization,https://www.youtube.com/playlist?list=PLjvYC1gm3CPBEaGR-JUpkwOulJJovl9RS,dan brown ‚Äî ideal parent meditation
visualization,https://www.youtube.com/playlist?list=PLoZIwJKqQiy7c_6ojDAORyGvn5GwzlQaV,meditation & visualizations
visualization,https://www.youtube.com/playlist?list=PLZoDGrriQgsJ1X5re-Z66aNZuisumVRqU,"guided meditation for panic attacks, anxiety, tension headache &stress relief"
visualization,https://www.youtube.com/playlist?list=PLBC0bkBrEoJHMhjfw1IovkqC_Zo-cjdqc,meditation/visualization
visualization,https://www.youtube.com/playlist?list=PLCQACBUblTbWhjDl6WzNeOI8n-9-lEXSD,grounding meditations
visualization,https://www.youtube.com/playlist?list=PLe8n4G3cYFzCDBQKPWgIhtxVQy82NPPCV,best guided meditations üßò‚Äç‚ôÄÔ∏è
visualization,https://www.youtube.com/playlist?list=PLD8L-goGbAOf_C-yoMIT4Buc1GUMNB0xh,law of attraction techniques - mindbodyspirit by suyash
visualization,https://www.youtube.com/playlist?list=PLwirI_r2WmNP9NVRB8vrx2eM3FPHcUERx,guided meditation (visualisation & mindfulness)
visualization,https://www.youtube.com/playlist?list=PLCZy-KAa_xvEMbE6y0nD9Upbe9FEC5K-B,chris hemsworth meditation
visualization,https://www.youtube.com/playlist?list=PLpRzJgnlOXEol-qhQCxrWsQBfhdua9qba,guided imagery/meditation
visualization,https://www.youtube.com/playlist?list=PLIr1u4B0eXNrU17BW6x4S9r6HGJJN_DjO,somatic listening collection - meditations for nurturing your emotions
visualization,https://www.youtube.com/playlist?list=PL2D297B830AF0024C,dr.malachi z.york-the journey within
visualization,https://www.youtube.com/playlist?list=PLlhU5CGlNSZyKHOuJwpvRcYu33H9EL5wM,anxiety guided meditation
visualization,https://www.youtube.com/playlist?list=PLwRp13WDIrMPSSuLTVmwZi4CvBKj5U-gw,face to face guided meditations with jason stephenson
reflection,https://www.youtube.com/playlist?list=PLA9233E5CA27A5952,"peaceful reflections, guided meditations"
reflection,https://www.youtube.com/playlist?list=PLl3SVIY1IkbCi8uCoocG2eoPX8sYkwFvq,daystar reflections
reflection,https://www.youtube.com/playlist?list=PLsKE7ybGN1xLZWKZoa44oGfFz-o1iXLGf,"daystar reflections, worship& meditationüíï"
reflection,https://www.youtube.com/playlist?list=PLcTZ8xyOL50GwTl706mXK3xjaINd7saAP,mindvalley meditations
reflection,https://www.youtube.com/playlist?list=PL37ErCJmMWd1YhEkajroa00eTuuMYnmdy,guided meditations üßòüèª‚Äç‚ôÄÔ∏è
reflection,https://www.youtube.com/playlist?list=PLwtSJ4YTolAr5QZO1JVLJU4jo23ggmCTx,"reflection, meditation"
reflection,https://www.youtube.com/playlist?list=PLbnQQXjJ-y2rT6QvdHVe_bj4jr5xL4FyK,reflection/meditation
reflection,https://www.youtube.com/playlist?list=PLo98plh2BOtyjTPxPyUDDp6Ub4nwjQ9an,reflection / meditation
reflection,https://www.youtube.com/playlist?list=PLvQIHM8p7q3qYi5j9pIObYuf1Mu9mln-m,meditation/reflection
reflection,https://www.youtube.com/playlist?list=PL2km9dPaBCeteP_TXjhj49wWtDPqNQbe9,reflection-meditation
reflection,https://www.youtube.com/playlist?list=PL3rISlaybSE4rge5lYmGz69_Xy8iSF1yR,"self-reflection, meditation, affirmations"
reflection,https://www.youtube.com/playlist?list=PLNFIgB9_teVMMKRyZT_XL70dAFENold9J,meditation/reflection
reflection,https://www.youtube.com/playlist?list=PLbNXAqa-Xb4ZvR5VyIl1zbH8Ac9ufqpBT,rest and relaxation
reflection,https://www.youtube.com/playlist?list=PLbq94Y3vzp4xfC9qGWtfq10llikMo0ICe,meditation reflection
reflection,https://www.youtube.com/playlist?list=PL4GhqhkVjpvE87dnOVyAWXu27tHFBiE_r,reflection meditation
reflection,https://www.youtube.com/playlist?list=PL72YO2p8uSOYydADuLRctYnrWbEuU1ytH,reflection and meditation
reflection,https://www.youtube.com/playlist?list=PLTMEXis-LKgj7vNOvbrxfdCeTFqvCrBND,meditation/reflection
reflection,https://www.youtube.com/playlist?list=PLZl5fg6OEFpxkrKZxrcIGZLsB1SUk3GD4,meditation and reflection
reflection,https://www.youtube.com/playlist?list=PLKlmx2PlNWcYTWHDzX7OvjRiTZbpbf5OJ,meditation/reflection
reflection,https://www.youtube.com/playlist?list=PLA8ETKkDIZM7u6Jg_mMS3IzELJw0QB2iC,meditation & reflection
reflection,https://www.youtube.com/playlist?list=PL2mLUd-XyTOjNNAu7eoBE210SfPRS9RXc,"meditation, reflection"
reflection,https://www.youtube.com/playlist?list=PLzfYlLzYnU1rK7W7ntQ86UiP8vsxgH6Wo,meditation and reflection üïâ
reflection,https://www.youtube.com/playlist?list=PL6mmKavEt5509tYVgydjkq67CoCQJ5c_U,soul reflections
reflection,https://www.youtube.com/playlist?list=PLemuo1fFDhGU7gv9G6UJKgj4PRAiDBzON,"meditation, reflection"
reflection,https://www.youtube.com/playlist?list=PLbz1-yV-kQ6prv_B6ixB_f2v0VTBCh8xr,meditation/self reflection
reflection,https://www.youtube.com/playlist?list=PLEwg0dHeORfBqKtEMpL1xGUhxYZDvzirw,meditation/reflections/prayers
reflection,https://www.youtube.com/playlist?list=PLgX7SglZWuEowXLumnh3Rhu-dxpI_oqbP,reflection on life meditation
reflection,https://www.youtube.com/playlist?list=PL8BCGs3ul_7Sj_b31MLWCMbS1q9vs8Uis,soul reflections: subtitles english: bk shivani
reflection,https://www.youtube.com/playlist?list=PLk4f3liqQsLetPjg9sBa_g9KrQnf87-PB,meditation series by luke
reflection,https://www.youtube.com/playlist?list=PLLNXSGJGVkXYiS9D8eovIByjozmom7nk3,meditate/ deep reflection
reflection,https://www.youtube.com/playlist?list=PLwyrK4XnvvM5O3h04_mv1-dfvLltp-iwS,not typical biblical reflection meditation
reflection,https://www.youtube.com/playlist?list=PL-MaPBu_kXdhleeRIoyiDLAeblk4X2Syn,reflective meditation
reflection,https://www.youtube.com/playlist?list=PLC0Wd6SlO8nhBRYzYu61_F53E5r1p5fWQ,"marriage, self reflection, meditation"
reflection,https://www.youtube.com/playlist?list=PLThc0nryi4KNr-lfkCxLJJyP1qIksS1Ez,shades of the soul meditation series
reflection,https://www.youtube.com/playlist?list=PLMVeUdakP2zOy9kQWDx0uANPQFGvylzaU,reflection//meditation//sleep
reflection,https://www.youtube.com/playlist?list=PLlwUzckNPx0bX13FE3fwNyMirqR7wSCKU,2020 special meditation/reflection
reflection,https://www.youtube.com/playlist?list=PLV9wRzcM6lgxiVX2svl2zJ0_Gc0eWujOd,reflection & meditation
reflection,https://www.youtube.com/playlist?list=PLu8AgNDw-J9gPbaYNa2IETxJiorih651g,meditation/ self reflection
reflection,https://www.youtube.com/playlist?list=PLUImz5vTbSoMdXhP1TN2OdS7djh7hRorP,yoga & meditation with above & beyond and reflections
reflection,https://www.youtube.com/playlist?list=PLcaZuhsGGTJRE4D8xHmrMHIlH8ETKRpGF,self reflection meditate
reflection,https://www.youtube.com/playlist?list=PLzDBi3ZnQRtsx7F5EjLtYgECBwL1sMGPG,reflections/ meditation 2021
reflection,https://www.youtube.com/playlist?list=PL-VBJXs0F9Fqf3sbGOsLJ42GoMRnPqGHg,meditation/reflection
reflection,https://www.youtube.com/playlist?list=PLxCpEk4IkEyGskVcRxJnGYUknI7yCdxJb,reflections cello meditation (simonstown) sarah acres & albert combrink
reflection,https://www.youtube.com/playlist?list=PLZJFY7oqOHG669EbnNAsBbe2SSW4Cn-QF,meditation with nature / natural attractions (educational and reflective)
movement,https://www.youtube.com/playlist?list=PLCQACBUblTbXAgZG7cxMYUddUlvTDO6v1,mindfulness meditations
movement,https://www.youtube.com/playlist?list=PLCQACBUblTbUpv9jyOOJ6T93XEjZKScfO,morning meditations
movement,https://www.youtube.com/playlist?list=PLCQACBUblTbX2e8Rz4GMlfPXvFbOY_Wrp,meditations for sleep
movement,https://www.youtube.com/playlist?list=PLY8xSnFLCbzGEPIww7owi7S1ttTckM7dN,meditations
movement,https://www.youtube.com/playlist?list=PLCQACBUblTbUE9a7PK97HWoDt01B1edd9,chakra balancing series
movement,https://www.youtube.com/playlist?list=PLKhRwwmf3mxEjP1lCdN_O3A5wgOfFW2b9,satvik movements playlist
movement,https://www.youtube.com/playlist?list=PLbTuZkZyHw9I7-YcOp27YgOVuo1tCJUFE,mark williams mindfulness meditations
movement,https://www.youtube.com/playlist?list=PLNmgNVAA3OruwJJproNXGhjWWpTuDhbRB,movement meditation
movement,https://www.youtube.com/playlist?list=PLb09q0R7gAwQ3ou1lUWZcJZEtgNeoJNJf,guided meditations
movement,https://www.youtube.com/playlist?list=PLCQACBUblTbU06akiYErllhbwoRqWnp8s,hypnosis
movement,https://www.youtube.com/playlist?list=PLc0asrzrjtZJk3jlJZXqP8C95h1uQvN7-,30 days of mindful movement
movement,https://www.youtube.com/playlist?list=PL1eIqrPqajMBPrVH19V0muf2RG0ZT4JO6,best movement meditation
movement,https://www.youtube.com/playlist?list=PLwU95AKZAgM20HJCtYg-hgY4tlMCAWAz0,mindful movement meditation
movement,https://www.youtube.com/playlist?list=PLCQACBUblTbXfTb8c_SlZ5kynRAPxwHFD,meditations for anxiety
movement,https://www.youtube.com/playlist?list=PLM8QZbFc7usIg2aViYJctM5KMmWdjuRs_,mindful movement meditation
movement,https://www.youtube.com/playlist?list=PLKw_ofsu2KyxfCjxfVNTqQcJS_XLeezSj,peace in a frantic world meditations
movement,https://www.youtube.com/playlist?list=PLwSy3_Qiw8-XhFn1cE2OiACpi3-kEaNiR,mindful movement meditations
movement,https://www.youtube.com/playlist?list=PL4BKHJ1FZ0FcYJmerlfL4Siu7667Y_gwF,mindful movement meditation
movement,https://www.youtube.com/playlist?list=PLKULkexjYW4vbo47E2G28_tRvlms8dLhL,boss lady meditations
movement,https://www.youtube.com/playlist?list=PLPgmdv1uKAS5xk2MSeMCphDLELDAsTvua,shifting guided meditations
movement,https://www.youtube.com/playlist?list=PLgyY19r1zYWYXsXRkJEsvd3JvbF3-V-hd,meditation playlist
movement,https://www.youtube.com/playlist?list=PLNXcT403FhX-B-eR5cDPPosPT6dMvqC8Q,mindful movement meditations
movement,https://www.youtube.com/playlist?list=PLtLiP0-8GtS04laRvWbgwBO97fnKv6WSn,the mindful movement meditation
movement,https://www.youtube.com/playlist?list=PLO9Klg6AWwGksRhx_dIpmL7qCt_jAVIJ6,movement & meditate - june 2020 playlist
movement,https://www.youtube.com/playlist?list=PLW0v0k7UCVrngDE2PN5WOc8hzwYhAb2U9,evening yoga movement
movement,https://www.youtube.com/playlist?list=PLMFiTY4MuodjunnB8oZDrzvtTwKElbASS,the mindful movement meditations
movement,https://www.youtube.com/playlist?list=PLRrFBLzVkeOoijmjPM0eZ1Fu77moL0pIa,mindful movement meditations 4 friends
movement,https://www.youtube.com/playlist?list=PLNEOlUeQTBWsUTDQ-Tl4_pMKlp9v06Ipn,meditations playlist
movement,https://www.youtube.com/playlist?list=PLUKEyWe_h29xbh4dUtSOqO7RX9Ln0sS6o,heidi cherry & vaya
movement,https://www.youtube.com/playlist?list=PL4dVW8aVh8HIvxaikjghodjnH8H8i_KZS,the mindful movement meditations
movement,https://www.youtube.com/playlist?list=PLCQACBUblTbWhjDl6WzNeOI8n-9-lEXSD,grounding meditations
movement,https://www.youtube.com/playlist?list=PLJjZ-BQTaXob-wqZfJEA_TYJeQCEGtACc,nina's movement meditation collection
movement,https://www.youtube.com/playlist?list=PL7vcYgC52ZjYcGvkfgMCMRS0n7NUBynf4,loch kelly guided meditations
movement,https://www.youtube.com/playlist?list=PLjL6_vFzJBk5z8NC4ElO7mywVS0OSb27p,meditation & movements
movement,https://www.youtube.com/playlist?list=PLui6Eyny-Uzy0o-rTUNVczfgF5AjNyCPH,meditate - ywa may 2020
movement,https://www.youtube.com/playlist?list=PLIOr5VlhAdJnPuO1TU3n6Olxi6nh_BTYd,performative movement playlist
movement,https://www.youtube.com/playlist?list=PLsySnoEGXIOVC8b0wzHFT8wbP0xLqpJM_,sitting meditation & mindful movement
movement,https://www.youtube.com/playlist?list=RDCLAK5uy_kjbesFvpAjQl3z_xUxMArIfRpubFn791o,tranquil spa day
movement,https://www.youtube.com/playlist?list=PLzKlvmqcfWdw4nQnP34n5VTNw3hHCZFBn,mark williams meditations
movement,https://www.youtube.com/playlist?list=PLyUExzP911nkc9OZAchfiYk3zXJyUHqpW,mindful meditations mindful movement
movement,https://www.youtube.com/playlist?list=PL9rL5WRKg2pe-Tw_i_K-1q08WX-b7u9Tj,black gospel instrumental worship
movement,https://www.youtube.com/playlist?list=PLpUPohQlX3Jpt5DyXjzD4Ae_Ya61RQ2LR,somatic movement center meditation series
movement,https://www.youtube.com/playlist?list=PLoAnh-GiKoq1AkmzhkMBCqOAW-C4YMAPe,8 movement shaolin qigong baduanjin
movement,https://www.youtube.com/playlist?list=PLQw97ULPIRYbNtVHEE9wPmj3TInAK5U7T,moved to meditate podcast
movement,https://www.youtube.com/playlist?list=PLui6Eyny-Uzzxnt1jXd_4IRKWL9LU5Nuz,meditate - ywa november 2022
movement,https://www.youtube.com/playlist?list=PLsuCfYXzi5DKMTXvscFkkRVb4Oyg-CWaH,||‡©¥|| gurbani
movement,https://www.youtube.com/playlist?list=PL8y8cdkEPf0LMjonpBMIZCgYSjKQTVGW_,finding resilience together: live classes with esther
movement,https://www.youtube.com/playlist?list=PL-hZMgffJyOFQBHsL3wEBNpUMiOyu_xaA,ddm eight-form moving meditation‚îÄsitting posture
movement,https://www.youtube.com/playlist?list=PL-hZMgffJyOEZgxQrfHYcRuqxaCI8Dyvi,ddm eight-form moving meditation‚îÄstanding posture
movement,https://www.youtube.com/playlist?list=PLExHs3tZJwBSExn6m1qBliP5jlKOjXYOW,"10, 15, & 20 min. guided meditation playlist"
movement,https://www.youtube.com/playlist?list=PLqktjn8c06Szumhfwh0kYG1qDrHP7qQKH,meditations to deal with intrusive thoughts and overthinking
movement,https://www.youtube.com/playlist?list=PLrHw2CMk4Y020Q1_yfxukLeyr-gL7HwFr,meditation playlist
movement,https://www.youtube.com/playlist?list=PLCQACBUblTbXylqNhcNjjp_-eerobBmYt,nature's lessons--series of the seasons
movement,https://www.youtube.com/playlist?list=PLrDeLRAEJG0bPhyUDIoxZu11CtyC7j9Bl,move more together at home workouts
movement,https://www.youtube.com/playlist?list=PLIr1u4B0eXNrU17BW6x4S9r6HGJJN_DjO,somatic listening collection - meditations for nurturing your emotions
movement,https://www.youtube.com/playlist?list=PLKaEteq5wGdo8L8_Km8HTSWbH_PciDpKm,papaji guided meditations